pfa_code,pfa_name,msoa_code,msoa_name,month,bucket,capacity_version,demand_q25,demand,demand_q75,weighted_demand_q25,weighted_demand,weighted_demand_q75,baseline_alloc,variable_alloc,total_alloc,share_of_force_capacity,total_capacity,prev_month_total_alloc,alloc_change_abs,alloc_change_pct,demand_iqr,demand_iqr_ratio,prev_month_demand,demand_change_abs,demand_change_pct,uncertainty_flag
E23000001,Metropolitan Police,E02000020,Barking and Dagenham 019,2026-01,local_reassurance,wider_local_policing,7.1581,18.3783,30.4867,3.2211450000000004,8.270235,13.719015,3.313174855978495,1.306738944180144,4.619913800158638,0.00033570075571564005,13762.0,4.491186301255324,0.1287274989033147,2.8662248739789375,23.328599999999998,1.2693557075463997,16.2319,2.1464,13.223344155644131,True
E23000001,Metropolitan Police,E02000068,Bexley 004,2026-02,acquisitive_crime,wider_local_policing,6.1102,17.337999999999997,31.6815,2.594545,7.795745,14.648665000000001,2.519167301448841,1.3081463823269295,3.8273136837757704,0.0002781073742025702,13762.0,3.8899164638841546,-0.06260278010838416,-1.60936052713775,25.5713,1.4748702272465108,19.5357,-2.197700000000001,-11.249660877265729,True
E23000001,Metropolitan Police,E02000131,Bromley 005,2026-02,local_reassurance,wider_local_policing,5.4909,13.6462,24.9741,2.470905,6.14079,11.238345,2.4345312458665678,1.0304406087076199,3.4649718545741877,0.0002517782193412431,13762.0,3.5517612959747176,-0.08678944140052991,-2.443560649723002,19.4832,1.4277381248992393,15.713,-2.066799999999999,-13.153439826894923,True
E23000001,Metropolitan Police,E02000178,Camden 013,2026-02,acquisitive_crime,wider_local_policing,5.5224,16.3215,32.1609,2.2981400000000005,7.237210000000001,15.143805,2.8247283550583715,1.2144227498000868,4.039151104858458,0.000293500298274848,13762.0,4.130053944012735,-0.09090283915427655,-2.201008519175803,26.638499999999997,1.6321110192077932,18.8509,-2.529399999999999,-13.41792699552806,True
E23000001,Metropolitan Police,E02000183,Camden 018,2026-02,acquisitive_crime,wider_local_policing,12.8576,31.1529,54.856300000000005,5.2760750000000005,13.432725000000001,24.440435,2.385056492787224,2.254046356511469,4.639102849298693,0.0003370951060382715,13762.0,4.949794561527967,-0.31069171222927405,-6.276860753860575,41.99870000000001,1.3481473634878296,38.078199999999995,-6.9252999999999965,-18.187046656617163,True
E23000001,Metropolitan Police,E02000197,Croydon 004,2026-02,acquisitive_crime,wider_local_policing,7.1082,21.7733,41.412299999999995,2.8529750000000003,9.645325000000001,18.97649,2.8256618409655294,1.6185107395274592,4.444172580492989,0.0003229307208612839,13762.0,4.54819583012062,-0.10402324962763121,-2.2871321621363094,34.30409999999999,1.5755122099084655,24.929100000000002,-3.155800000000003,-12.659101211034503,True
E23000001,Metropolitan Police,E02000244,Ealing 007,2026-02,acquisitive_crime,wider_local_policing,5.8147,15.5185,29.2955,2.35794,7.043305,13.691535,2.424262900887836,1.1818849841003232,3.606147884988159,0.0002620366142267228,13762.0,3.6652022195537866,-0.059054334565627364,-1.611216272067434,23.480800000000002,1.5130843831555887,17.5526,-2.0341000000000022,-11.588596561193224,True
E23000001,Metropolitan Police,E02000264,Ealing 027,2026-02,acquisitive_crime,wider_local_policing,5.0558000000000005,16.7947,32.5316,2.0485700000000002,7.566385,15.237205000000001,2.644254413007936,1.2696591749784971,3.913913587986433,0.0002844000572581335,13762.0,3.969070715643269,-0.055157127656836114,-1.3896735938577698,27.475799999999996,1.6359803985781227,18.8428,-2.0481000000000016,-10.869403697964216,True
E23000001,Metropolitan Police,E02000308,Enfield 032,2026-02,acquisitive_crime,wider_local_policing,14.026,30.5406,53.9129,5.72114,12.887015000000002,23.79144,2.7245342010234745,2.162474792498071,4.887008993521546,0.0003551089226508898,13762.0,5.01681388140147,-0.12980488787992428,-2.5873969206061656,39.8869,1.3060286962273169,34.570800000000006,-4.030200000000004,-11.657815266062698,True
E23000001,Metropolitan Police,E02000314,Greenwich 002,2026-02,acquisitive_crime,wider_local_policing,7.7038,20.647,41.4148,3.08152,8.32502,18.453295,4.216867004599147,1.3969601103934688,5.613827114992616,0.00040792233069267665,13762.0,5.690346314283917,-0.07651919929130102,-1.3447195489529766,33.711,1.6327311473821864,23.150699999999997,-2.5036999999999985,-10.81479177735446,True
E23000001,Metropolitan Police,E02000340,Greenwich 028,2026-02,acquisitive_crime,wider_local_policing,6.5009999999999994,16.8206,32.4271,2.64478,7.05668,14.59974,2.231964804013406,1.1841293440509915,3.4160941480643974,0.0002482265766650485,13762.0,3.4792622461321736,-0.06316809806777623,-1.8155601273804223,25.926100000000005,1.5413302735930945,18.921599999999998,-2.100999999999999,-11.10371215964823,True
E23000001,Metropolitan Police,E02000369,Hackney 025,2026-02,local_reassurance,wider_local_policing,6.7671,14.009699999999999,25.5203,3.0451950000000005,6.304365000000001,11.484135,3.107807956403861,1.0578889211510267,4.165696877554888,0.00030269560220570323,13762.0,4.25189333585242,-0.08619645829753164,-2.027248839257417,18.7532,1.338586836263446,16.0907,-2.0809999999999995,-12.932936416687898,True
E23000001,Metropolitan Police,E02000382,Hammersmith and Fulham 011,2026-02,acquisitive_crime,wider_local_policing,7.5786999999999995,17.8256,32.0493,3.12549,7.8585899999999995,14.82508,1.9475627642994437,1.3186919375493404,3.2662547018487844,0.00023733866457264818,13762.0,3.32226284315965,-0.05600814131086551,-1.6858431724083207,24.470600000000005,1.3727784758998296,19.9056,-2.0799999999999983,-10.449320794148372,True
E23000001,Metropolitan Police,E02000577,Kensington and Chelsea 001,2026-02,acquisitive_crime,wider_local_policing,7.075799999999999,18.4168,34.900800000000004,3.00854,8.354140000000001,16.431075,2.4099494503114225,1.4018465224879335,3.811795972799356,0.000276979797471251,13762.0,3.8699011571280773,-0.05810518432872147,-1.5014643002366077,27.825000000000003,1.5108487902350032,20.5641,-2.1473000000000013,-10.441983845633903,True
E23000001,Metropolitan Police,E02000691,Merton 003,2026-02,acquisitive_crime,wider_local_policing,10.1458,18.066399999999998,34.5477,4.058495000000001,7.398655,15.197310000000002,2.2425443109611902,1.241513642677518,3.4840579536387084,0.0002531650889143081,13762.0,3.552521568763737,-0.06846361512502863,-1.9271836581376112,24.401899999999998,1.3506786078023292,20.3182,-2.251800000000003,-11.08267464637617,True
E23000001,Metropolitan Police,E02000697,Merton 009,2026-02,acquisitive_crime,wider_local_policing,1.663,8.2293,24.657400000000003,0.6652,3.50879,11.529135,2.6616794832748747,0.5887841309387244,3.250463614213599,0.00023619122323888963,13762.0,3.3700848814528355,-0.1196212672392365,-3.5495030970160033,22.994400000000002,2.7942109292406405,10.684899999999999,-2.4555999999999987,-22.98196520323072,True
E23000001,Metropolitan Police,E02000828,Southwark 022,2026-02,acquisitive_crime,wider_local_policing,11.124099999999999,29.1657,49.1144,4.886265,13.13789,22.703464999999998,2.81943860158448,2.204572273068083,5.0240108746525625,0.00036506400774978656,13762.0,5.308836699530684,-0.2848258248781219,-5.365126881813888,37.990300000000005,1.3025677422451716,35.5537,-6.387999999999998,-17.967187662606136,True
E23000001,Metropolitan Police,E02000866,Tower Hamlets 003,2026-02,acquisitive_crime,wider_local_policing,11.564400000000001,25.271199999999997,45.6387,4.871425,11.37184,21.023,3.4339834904631186,1.908224468142643,5.342207958605762,0.00038818543515519273,13762.0,5.4304255643696155,-0.08821760576385351,-1.6245063065162213,34.0743,1.348345151793346,28.305,-3.033800000000003,-10.71824765942414,True
E23000001,Metropolitan Police,E02000870,Tower Hamlets 007,2026-02,local_reassurance,wider_local_policing,2.1977,6.3505,13.1384,0.988965,2.8577250000000003,5.91228,1.4823756205659928,0.4795337226185854,1.9619093431845782,0.0001425598999552811,13762.0,2.098476835113636,-0.1365674919290576,-6.507934214182652,10.9407,1.7228092276198723,8.665000000000001,-2.3145000000000007,-26.71090594345067,True
E23000001,Metropolitan Police,E02000875,Tower Hamlets 012,2026-02,local_reassurance,wider_local_policing,6.2093,13.3659,23.8657,2.7941849999999997,6.014655,10.739565,2.726245591853263,1.0092748260999527,3.7355204179532153,0.0002714373214615038,13762.0,3.931756226841084,-0.19623580888786885,-4.991047195353,17.6564,1.3210034490756328,16.9546,-3.5886999999999993,-21.166527078197063,True
E23000001,Metropolitan Police,E02000888,Tower Hamlets 025,2026-02,local_reassurance,wider_local_policing,5.0522,10.1558,18.4133,2.27349,4.57011,8.285985,2.027064647392351,0.7668764003101849,2.793941047702536,0.00020301853274978462,13762.0,2.9259822717478077,-0.13204122404527174,-4.512714424834781,13.3611,1.3156127533035311,12.6426,-2.4868000000000006,-19.670004587663932,True
E23000001,Metropolitan Police,E02000890,Tower Hamlets 027,2026-02,local_reassurance,wider_local_policing,3.4294,7.6647,13.8974,1.5432299999999999,3.449115,6.25383,1.3519209650407424,0.5787705099999483,1.9306914750406907,0.0001402914892487059,13762.0,2.049320521044101,-0.11862904600341029,-5.788701415187624,10.468,1.3657416467702586,9.8084,-2.143700000000001,-21.855756290526497,True
E23000001,Metropolitan Police,E02000907,Waltham Forest 013,2026-01,local_reassurance,wider_local_policing,6.4399,13.0236,22.768700000000003,2.897955,5.86062,10.245915,2.455768050254399,0.9260075912040029,3.3817756414584017,0.00024573286160866167,13762.0,3.253920717093494,0.12785492436490786,3.9292575167323673,16.3288,1.2537854356706288,10.9978,2.0258000000000003,18.42004764589282,True
E23000001,Metropolitan Police,E02000946,Wandsworth 024,2026-02,disorder_damage,wider_local_policing,8.5622,20.2906,38.6154,8.4753,19.12156,34.94132,1.961020519460963,3.2086477352000764,5.1696682546610395,0.00037564803478135734,13762.0,5.349517947577006,-0.1798496929159663,-3.3619794283974103,30.0532,1.4811390496091785,22.711699999999997,-2.4210999999999956,-10.66014433089551,True
E23000001,Metropolitan Police,E02000949,Wandsworth 027,2026-02,acquisitive_crime,wider_local_policing,5.9761,18.363,37.3637,2.39548,8.010760000000001,17.311970000000002,3.0864155710315035,1.3442264611899537,4.430642032221457,0.00032194753903658316,13762.0,4.479847149278675,-0.04920511705721786,-1.0983659803022665,31.387600000000003,1.709284975221914,20.433500000000002,-2.0705000000000027,-10.132870041843065,True
E23000001,Metropolitan Police,E02006798,Lewisham 039,2026-02,acquisitive_crime,wider_local_policing,10.306,22.7242,44.1156,4.59651,10.465390000000001,20.75403,2.772764306226609,1.7561197894672576,4.528884095693867,0.0003290861862878845,13762.0,4.730121459459495,-0.20123736376562817,-4.254380473955595,33.8096,1.4878235537444664,27.3246,-4.6004000000000005,-16.836111050116013,True
E23000001,Metropolitan Police,E02006941,Southwark 035,2026-02,disorder_damage,wider_local_policing,8.847100000000001,17.0133,34.5912,8.59318,16.07984,31.04656,1.2130649363510753,2.6982391707778866,3.911304107128962,0.0002842104423142684,13762.0,4.257910848004144,-0.34660674087518206,-8.140300566359926,25.7441,1.5131749866281086,20.4821,-3.468799999999998,-16.935763422695906,True
E23000001,Metropolitan Police,E02006995,Newham 038,2026-02,acquisitive_crime,wider_local_policing,18.9167,39.8074,77.7733,7.682284999999999,16.896520000000002,34.43642,2.3309143101720933,2.8352802088722258,5.1661945190443195,0.00037539561975325674,13762.0,5.4948099212819805,-0.32861540223766106,-5.980468968815441,58.85660000000001,1.478534141893216,47.5816,-7.7742,-16.338668729088557,True
E23000001,Metropolitan Police,E02006997,Newham 040,2026-02,local_reassurance,wider_local_policing,2.7190999999999996,6.2883,14.4146,1.223595,2.829735,6.48657,1.6942769214907287,0.4748369274769625,2.169113848967691,0.00015761617853274896,13762.0,2.313328880458883,-0.14421503149119186,-6.23409117092701,11.695500000000001,1.859882639187062,8.7065,-2.4182000000000006,-27.774651122724407,True
E23000001,Metropolitan Police,E02007009,Lewisham 041,2026-02,local_reassurance,wider_local_policing,4.7346,10.1347,18.351100000000002,2.13057,4.560615,8.257995000000001,2.0777062578556413,0.7652831144984769,2.8429893723541184,0.00020658257319823562,13762.0,2.965738123879045,-0.12274875152492637,-4.138893806455737,13.616500000000002,1.3435523498475537,12.4895,-2.354799999999999,-18.854237559550015,True
E23000002,Cumbria,E02003984,Barrow-in-Furness 008,2026-02,local_reassurance,wider_local_policing,0.7403000000000001,2.5741,9.9869,0.333135,1.158345,4.494105,1.0267063412362498,0.20111506391574283,1.2278214051519927,0.002236468861843338,549.0,1.3699227131051233,-0.14210130795313058,-10.372943421825449,9.2466,3.5921681364360363,4.7176,-2.1435,-45.436238765473966,True
E23000003,Lancashire,E02005259,Preston 007,2026-02,acquisitive_crime,wider_local_policing,5.2356,15.671800000000001,35.7601,2.094555,6.580255,16.159635,2.0507852248038763,0.745921199142509,2.796706423946385,0.0018533508442321969,1509.0,2.8656672857693257,-0.0689608618229407,-2.406450398669616,30.524500000000003,1.9477341466838527,18.4914,-2.8195999999999977,-15.248169419297607,True
E23000004,Merseyside,E02001377,Liverpool 031,2026-02,acquisitive_crime,wider_local_policing,6.329399999999999,16.7804,31.987499999999997,2.5594449999999997,7.806610000000001,15.30674,3.308950022686439,1.025297617015065,4.334247639701504,0.00244045475208418,1776.0,4.363288527954966,-0.02904088825346207,-0.6655734102249085,25.658099999999997,1.5290517508521846,18.7985,-2.0181000000000004,-10.735431018432323,True
E23000004,Merseyside,E02001380,Liverpool 034,2026-02,disorder_damage,wider_local_policing,6.0526,17.401799999999998,35.4564,5.809060000000001,16.167920000000002,31.54146,1.4482044014437112,2.123447930419248,3.571652331862959,0.0020110655021750895,1776.0,3.782506213196417,-0.21085388133345795,-5.574449041162984,29.403800000000004,1.68969876679424,20.367600000000003,-2.965800000000005,-14.561362163436067,True
E23000004,Merseyside,E02001465,Sefton 037,2026-02,acquisitive_crime,wider_local_policing,11.1277,23.011100000000003,40.2612,4.556605,10.229625,18.58871,1.9511352497001841,1.3435294110321552,3.294664660732339,0.0018551039756375784,1776.0,3.350520746879024,-0.0558560861466848,-1.6670867117809727,29.1335,1.2660629000786576,25.9479,-2.936799999999998,-11.318064274950952,True
E23000006,Cheshire,E02002607,Warrington 018,2026-01,local_reassurance,wider_local_policing,1.8982999999999999,8.9773,22.0445,0.854235,4.039785,9.920024999999999,1.6821294403587501,0.5957557272272448,2.277885167585995,0.00207080469780545,1100.0,2.081006348346784,0.19687881923921058,9.460750535221441,20.1462,2.244126853285509,5.8827,3.0946,52.60509629931834,True
E23000006,Cheshire,E02002607,Warrington 018,2026-02,local_reassurance,wider_local_policing,0.946,6.0672999999999995,19.0087,0.42569999999999997,2.730285,8.553915,1.6821294403587501,0.4332557012370401,2.11538514159579,0.0019230774014507182,1100.0,2.277885167585995,-0.16250002599020474,-7.1338111465212855,18.0627,2.977057340167785,8.9773,-2.91,-32.41509139719069,True
E23000006,Cheshire,E02003886,Cheshire West and Chester 035,2026-02,disorder_damage,wider_local_policing,8.6643,20.57,36.0657,8.4969,18.83686,32.24116,0.9443225571386632,2.989130068254395,3.933452625393058,0.0035758660230845985,1100.0,4.0826092688048705,-0.14915664341181234,-3.6534635962230095,27.4014,1.332105007292173,23.1388,-2.5687999999999995,-11.10169931024945,True
E23000006,Cheshire,E02007030,Cheshire East 052,2026-01,disorder_damage,wider_local_policing,10.5249,22.679700000000004,44.1602,10.447740000000001,21.9475,40.81154,1.2259390975356945,3.236644728202109,4.462583825737804,0.004056894387034367,1100.0,4.150170024615306,0.3124138011224975,7.52773499084429,33.6353,1.4830575360344271,20.015700000000002,2.6640000000000015,13.309552001678687,True
E23000007,Northumbria,E02001710,Newcastle upon Tyne 003,2026-01,local_reassurance,wider_local_policing,4.2051,10.6727,20.3299,1.8922950000000003,4.802715,9.148455,1.8486664751056567,0.617776949460157,2.4664434245658136,0.001352216789783889,1824.0,2.3577854713595188,0.10865795320629479,4.60847496628443,16.1248,1.5108454280547565,8.5907,2.0820000000000007,24.235510493906208,True
E23000007,Northumbria,E02001715,Newcastle upon Tyne 008,2026-02,local_reassurance,wider_local_policing,5.8566,11.7641,21.9617,2.63547,5.293845,9.882765000000001,2.202823504728074,0.7365788433612607,2.9394023480893345,0.0016115144452244158,1824.0,3.051070785216983,-0.11166843712764862,-3.659975300104586,16.1051,1.369004003706191,14.6543,-2.8902,-19.722538777014258,True
E23000007,Northumbria,E02001720,Newcastle upon Tyne 013,2026-02,local_reassurance,wider_local_policing,1.0655999999999999,5.1796999999999995,15.386800000000001,0.47952,2.330865,6.924060000000001,1.8113867877769811,0.3243135841210396,2.1357003718980208,0.0011708883617861955,1824.0,2.328191151983332,-0.19249078008531129,-8.267825428394609,14.321200000000001,2.764870552348592,8.9283,-3.7486000000000006,-41.985596362129414,True
E23000007,Northumbria,E02001721,Newcastle upon Tyne 014,2026-02,local_reassurance,wider_local_policing,6.444,13.8586,24.4609,2.8998,6.23637,11.007405,2.215510198888299,0.8677205700909008,3.0832307689792,0.001690367746150877,1824.0,3.180335550175858,-0.09710478119665833,-3.0532872920056775,18.0169,1.300051953299756,16.6683,-2.8096999999999994,-16.856548058290286,True
E23000007,Northumbria,E02001722,Newcastle upon Tyne 015,2026-01,local_reassurance,wider_local_policing,5.008900000000001,11.4942,21.647599999999997,2.2540050000000003,5.17239,9.74142,1.7656176667001913,0.6653285309701329,2.430946197670324,0.0013327555908280286,1824.0,2.320761062885462,0.11018513478486236,4.7478017684365295,16.638699999999996,1.4475735588383705,9.3673,2.126899999999999,22.705582184834466,True
E23000007,Northumbria,E02001729,Newcastle upon Tyne 022,2026-02,local_reassurance,wider_local_policing,4.7264,9.7025,18.397,2.12688,4.366125,8.278649999999999,2.329057693504381,0.6074970654544446,2.9365547589588257,0.0016099532669730404,1824.0,3.0152765053837656,-0.0787217464249399,-2.6107637652594216,13.670599999999999,1.4089770677660394,11.8551,-2.1525999999999996,-18.15758618653575,True
E23000007,Northumbria,E02001743,North Tyneside 006,2026-02,local_reassurance,wider_local_policing,0.8367,4.477,12.211500000000001,0.37651500000000004,2.01465,5.495175,1.4101687667248002,0.28031583221226986,1.69048459893707,0.000926800766961113,1824.0,1.7865006074881695,-0.09601600855109949,-5.374529857344888,11.3748,2.5407192316283225,6.5015,-2.0244999999999997,-31.13896793047758,True
E23000007,Northumbria,E02005709,Northumberland 022,2026-02,local_reassurance,wider_local_policing,3.2584999999999997,6.7862,13.3305,1.466325,3.05379,5.998725,1.275076038385243,0.4249004468525588,1.6999764852378019,0.0009320046519944089,1824.0,1.7881468943659171,-0.08817040912811525,-4.930825840199262,10.072000000000001,1.4841885001915653,8.863800000000001,-2.0776000000000012,-23.43915702069091,True
E23000007,Northumbria,E02005712,Northumberland 025,2026-01,local_reassurance,wider_local_policing,5.0527,10.977,21.3511,2.273715,4.93965,9.607995,1.7997599546002159,0.6353910045465669,2.4351509591467826,0.0013350608328655607,1824.0,2.3080907400388737,0.12706021910790888,5.504992368964181,16.2984,1.4847772615468708,8.5774,2.3995999999999995,27.975843495697987,True
E23000007,Northumbria,E02005720,Northumberland 008,2026-01,local_reassurance,wider_local_policing,6.7343,15.0893,25.9646,3.030435,6.790185,11.68407,2.480557175326707,0.8734267545690545,3.3539839298957617,0.0018388069791095184,1824.0,3.2502894843520966,0.10369444554366503,3.190314156412292,19.2303,1.2744328762765669,12.988199999999999,2.1011000000000006,16.176991422983946,True
E23000007,Northumbria,E02005725,Northumberland 033,2026-02,disorder_damage,wider_local_policing,1.8972,7.1703,21.424599999999998,1.89166,6.8759999999999994,18.92524,1.3704898915977444,0.9567178727280509,2.327207764325795,0.0012758814497400193,1824.0,2.5392162443169957,-0.21200847999120054,-8.34936687514092,19.527399999999997,2.723372801695884,9.410499999999999,-2.240199999999999,-23.805323840391043,True
E23000007,Northumbria,E02005736,Northumberland 013,2026-02,local_reassurance,wider_local_policing,2.5694,6.470400000000001,13.5776,1.15623,2.9116800000000005,6.109920000000001,1.65174852273092,0.40512744265049616,2.0568759653814164,0.0011276732266345484,1824.0,2.1664517032381694,-0.10957573785675301,-5.057843555569296,11.0082,1.701316765578635,8.892,-2.421599999999999,-27.233468286099853,True
E23000007,Northumbria,E02005740,Northumberland 020,2026-01,local_reassurance,wider_local_policing,5.9407000000000005,12.7895,23.7968,2.673315,5.755274999999999,10.70856,1.888366441993577,0.7403054798805061,2.628671921874083,0.0014411578519046508,1824.0,2.513103519403999,0.11556840247008404,4.598632789209254,17.8561,1.396153094335197,10.5416,2.2478999999999996,21.32408742505881,True
E23000007,Northumbria,E02005740,Northumberland 020,2026-02,local_reassurance,wider_local_policing,4.5698,10.4323,20.7628,2.05641,4.694535,9.34326,1.888366441993577,0.6531916141139296,2.5415580561075064,0.0013933980570764838,1824.0,2.628671921874083,-0.08711386576657665,-3.3139877609553405,16.192999999999998,1.5521984605504058,12.7895,-2.3572000000000006,-18.43074396966262,True
E23000007,Northumbria,E02007101,Newcastle upon Tyne 038,2026-02,local_reassurance,wider_local_policing,1.4445000000000001,6.4007,16.034,0.650025,2.880315,7.2153,1.7966225551715649,0.40076335654256773,2.1973859117141328,0.0012047071884397657,1824.0,2.3034014368246254,-0.10601552511049261,-4.602563991478674,14.5895,2.2793600699923444,8.755099999999999,-2.354399999999999,-26.891754520222495,True
E23000007,Northumbria,E02007105,Northumberland 041,2026-01,local_reassurance,wider_local_policing,2.7544,9.2994,18.2282,1.2394800000000001,4.18473,8.20269,2.3388389976054693,0.5382850603698955,2.8771240579753647,0.0015773706458198271,1824.0,2.7569344606959914,0.1201895972793734,4.359537703664939,15.4738,1.6639568144181345,7.0548,2.2446,31.81663548222487,True
E23000008,Durham,E02002559,Darlington 001,2026-02,disorder_damage,wider_local_policing,14.0696,27.775399999999998,49.1937,13.312819999999999,25.42538,43.9372,1.8785734267245475,3.532912119434476,5.411485546159024,0.007064602540677576,766.0,5.525955021605979,-0.1144694754469553,-2.0714876433012956,35.1241,1.2645758476925626,31.0348,-3.259400000000003,-10.502403753206089,True
E23000008,Durham,E02004319,County Durham 044,2026-02,disorder_damage,wider_local_policing,6.9987,19.692700000000002,37.201499999999996,6.96458,17.73236,32.8846,1.5613674844863101,2.463950176956062,4.025317661442372,0.005254983892222418,766.0,4.135062398605577,-0.10974473716320432,-2.6540043797213886,30.202799999999996,1.5337053832130685,22.2266,-2.533899999999999,-11.400304140084398,True
E23000008,Durham,E02004335,County Durham 049,2026-02,local_reassurance,wider_local_policing,5.292800000000001,10.1814,19.206799999999998,2.38176,4.5816300000000005,8.64306,1.4680681431211777,0.6366275018805846,2.104695645001762,0.0027476444451720134,766.0,2.183500353218908,-0.07880470821714569,-3.609099861191783,13.913999999999998,1.3666097000412516,12.4178,-2.2363999999999997,-18.00963133566332,True
E23000008,Durham,E02004351,County Durham 051,2026-01,local_reassurance,wider_local_policing,4.8038,10.1876,17.6311,2.16171,4.58442,7.933995,1.3742022136020078,0.5869427099479485,1.9611449235499563,0.0025602414145560787,766.0,1.8573566858530848,0.10378823769687151,5.5879540255996405,12.827300000000001,1.2591091130393814,8.1768,2.0107999999999997,24.591527247823105,True
E23000009,North Yorkshire,E02005775,Harrogate 015,2026-02,acquisitive_crime,wider_local_policing,6.380199999999999,12.383999999999999,29.9815,2.6678949999999997,5.346335000000001,13.866010000000001,1.6185862233549206,0.9473393369628447,2.5659255603177655,0.0034212340804236872,750.0,2.678689153940494,-0.11276359362272848,-4.209655810822515,23.601300000000002,1.905789728682171,14.981900000000001,-2.5979000000000028,-17.340257243740798,True
E23000009,North Yorkshire,E02005804,Scarborough 010,2026-02,acquisitive_crime,wider_local_policing,10.629999999999999,17.412000000000003,33.8523,4.458115,7.451685000000001,15.41468,1.34508598550622,1.320395060757692,2.665481046263912,0.003553974728351883,750.0,2.732117719078513,-0.06663667281460084,-2.4390117727824707,23.2223,1.3336951527682057,19.662,-2.2499999999999964,-11.443393347573982,True
E23000009,North Yorkshire,E02005808,Scarborough 014,2026-01,local_reassurance,wider_local_policing,5.3303,11.637599999999999,20.3744,2.398635,5.23692,9.16848,1.6398155064293585,0.8666359516176151,2.5064514580469734,0.0033419352773959646,750.0,2.3811916334738847,0.1252598245730887,5.260384036808874,15.0441,1.292714992782017,9.606,2.031599999999999,21.149281698938154,True
E23000010,West Yorkshire,E02002190,Bradford 008,2026-02,local_reassurance,wider_local_policing,5.498200000000001,11.2654,20.8555,2.47419,5.0694300000000005,9.384975,2.25389070318873,0.5678598088912018,2.821750512079932,0.0009529721418709665,2961.0,2.8823412465850975,-0.0605907345051655,-2.1021360526603643,15.357299999999999,1.3632272267296321,13.405000000000001,-2.1396000000000015,-15.961208504289454,True
E23000010,West Yorkshire,E02002217,Bradford 035,2026-01,local_reassurance,wider_local_policing,5.2681,10.6455,19.1154,2.370645,4.790475000000001,8.601930000000001,1.977454424550697,0.4990802133327885,2.4765346378834856,0.0008363845450467699,2961.0,2.381994389848123,0.09454024803536276,3.9689534298773346,13.8473,1.3007655817011883,8.519,2.1265,24.9618499823923,True
E23000010,West Yorkshire,E02002241,Bradford 059,2026-01,local_reassurance,wider_local_policing,5.956799999999999,13.294,23.901699999999998,2.68056,5.9823,10.755765,2.290366220195892,0.6232466634771585,2.9136128836730504,0.0009839962457524655,2961.0,2.8169947229718573,0.09661816070119311,3.4298310860612276,17.944899999999997,1.3498495561907624,11.09,2.2040000000000006,19.873760144274126,True
E23000010,West Yorkshire,E02002251,Calderdale 008,2026-02,local_reassurance,wider_local_policing,4.1779,13.356499999999999,25.6167,1.880055,6.010425,11.527515000000001,1.519566335420185,0.6732667759205475,2.1928331113407324,0.0007405718038975793,2961.0,2.286735440014278,-0.09390232867354564,-4.106392328137414,21.4388,1.6051211020851273,16.3639,-3.0074000000000023,-18.378259461375357,True
E23000010,West Yorkshire,E02002312,Kirklees 042,2026-02,acquisitive_crime,wider_local_policing,6.818199999999999,14.625499999999999,27.8828,2.8079199999999997,6.41811,12.990095,2.0653412878640616,0.7189342229881291,2.784275510852191,0.0009403159442256639,2961.0,2.8375387260777867,-0.05326321522559585,-1.8770920987295003,21.0646,1.440265290075553,17.003,-2.3775000000000013,-13.982826560018827,True
E23000010,West Yorkshire,E02002314,Kirklees 044,2026-02,disorder_damage,wider_local_policing,5.9082,15.5803,29.8705,5.6772800000000005,14.31966,26.50248,1.0898217924068732,1.6040382037008079,2.693859996107681,0.0009097804782531851,2961.0,2.8002678409670656,-0.10640784485938459,-3.7999166830640347,23.9623,1.5379870734196388,17.7603,-2.1800000000000015,-12.274567434108667,True
E23000010,West Yorkshire,E02002390,Leeds 061,2026-02,acquisitive_crime,wider_local_policing,8.6367,19.964399999999998,34.8847,3.532485,9.19662,16.3266,1.7915588962502387,1.0301731902097482,2.8217320864599866,0.0009529659191016503,2961.0,2.8644530810989064,-0.04272099463891976,-1.491418900201726,26.248000000000005,1.3147402376229693,22.703,-2.7386000000000017,-12.062722988151354,True
E23000010,West Yorkshire,E02002442,Wakefield 005,2026-02,acquisitive_crime,wider_local_policing,11.803900000000002,24.988,48.90689999999999,4.73556,10.372430000000001,21.31696,1.7802027285187365,1.1618833118392735,2.94208604035801,0.0009936123067740663,2961.0,3.1152536940661513,-0.17316765370814124,-5.558701496381697,37.102999999999994,1.4848327197054585,31.117299999999997,-6.129299999999997,-19.69740305232137,True
E23000010,West Yorkshire,E02002456,Wakefield 019,2026-02,acquisitive_crime,wider_local_policing,7.1884,15.0408,28.642100000000003,3.1313500000000003,6.636520000000001,13.181150000000002,1.9189454734123061,0.7433997468951418,2.662345220307448,0.0008991371902422993,2961.0,2.704591216718546,-0.04224599641109794,-1.5620104121448193,21.453700000000005,1.4263669485665658,17.19,-2.1492000000000004,-12.502617801047123,True
E23000011,South Yorkshire,E02001548,Doncaster 010,2026-02,local_reassurance,wider_local_policing,2.2526,6.152200000000001,13.4428,1.0136699999999998,2.76849,6.04926,1.2782035471679827,0.3257616648671945,1.603965212035177,0.001090391034694206,1471.0,1.6797465134535612,-0.07578130141838413,-4.5114724639361015,11.1902,1.8188940541594876,8.189,-2.0367999999999995,-24.872389791183288,True
E23000011,South Yorkshire,E02001557,Doncaster 019,2026-01,local_reassurance,wider_local_policing,4.6995,10.6552,20.5627,2.114775,4.79484,9.253215,1.582367679583136,0.5224716832783118,2.1048393628614477,0.001430890117512881,1471.0,2.0143116388411872,0.09052772402026044,4.4942263289676525,15.863199999999999,1.4887754335911103,8.6356,2.0196000000000005,23.386910000463203,True
E23000011,South Yorkshire,E02001557,Doncaster 019,2026-02,local_reassurance,wider_local_policing,3.6399,8.4746,17.8325,1.637955,3.81357,8.024625,1.582367679583136,0.4487337546054299,2.031101434188566,0.0013807623617869246,1471.0,2.1048393628614477,-0.07373792867288165,-3.5032568268125597,14.192599999999999,1.6747221107780896,10.6552,-2.1806,-20.465125009385087,True
E23000011,South Yorkshire,E02001567,Doncaster 029,2026-02,acquisitive_crime,wider_local_policing,7.604,18.0641,39.5075,3.073765,7.62695,18.124200000000002,1.8142383398948543,0.8974451523606188,2.711683492255473,0.0018434286147215996,1471.0,2.7594827193461056,-0.047799227090632446,-1.7321807002277252,31.9035,1.7661272911465282,20.6886,-2.624500000000001,-12.685730305578923,True
E23000011,South Yorkshire,E02001593,Rotherham 016,2026-02,local_reassurance,wider_local_policing,4.146100000000001,7.8889,15.4202,1.8657450000000002,3.550005,6.93909,1.1649690011179725,0.41772068495348175,1.5826896860714543,0.0010759277267650947,1471.0,1.6761676684054363,-0.09347798233398197,-5.576887330305624,11.274099999999999,1.4291092547756974,10.4253,-2.5364000000000004,-24.329275896137286,True
E23000011,South Yorkshire,E02001597,Rotherham 020,2026-01,local_reassurance,wider_local_policing,5.2516,9.9266,18.0217,2.3632199999999997,4.46697,8.109765,1.500179029957027,0.48674519588843856,1.9869242258454656,0.0013507302690995687,1471.0,1.8948588443210062,0.09206538152445942,4.858693395573202,12.7701,1.2864525618036387,7.8906,2.0360000000000005,25.80285402884445,True
E23000011,South Yorkshire,E02001597,Rotherham 020,2026-02,local_reassurance,wider_local_policing,3.8507,7.7619,15.4456,1.7328149999999998,3.4928550000000005,6.950520000000001,1.500179029957027,0.41099597973613944,1.9111750096931663,0.001299235220729549,1471.0,1.9869242258454656,-0.07574921615229924,-3.812385755177293,11.5949,1.4938223888480915,9.9266,-2.1647000000000007,-21.80706384864909,True
E23000011,South Yorkshire,E02001619,Sheffield 009,2026-02,local_reassurance,wider_local_policing,1.323,4.9616,13.5846,0.59535,2.23272,6.1130700000000004,1.6163767759801468,0.2627188772154793,1.8790956531956262,0.0012774273645109627,1471.0,1.9583478104376206,-0.07925215724199441,-4.046888750792659,12.2616,2.4712995807803932,6.9741,-2.0125,-28.856770049181975,True
E23000011,South Yorkshire,E02001623,Sheffield 013,2026-02,local_reassurance,wider_local_policing,1.7906,5.2925,12.9043,0.8057700000000001,2.381625,5.806935,1.2840008385075101,0.2802401760849171,1.5642410145924273,0.0010633861418031458,1471.0,1.656927310089918,-0.09268629549749074,-5.593866123943654,11.1137,2.099896079357581,7.6053999999999995,-2.312899999999999,-30.411286717332413,True
E23000011,South Yorkshire,E02001627,Sheffield 017,2026-02,local_reassurance,wider_local_policing,2.9233000000000002,7.4343,14.1929,1.315485,3.345435,6.386805,0.9503653048720209,0.393649417301483,1.344014722173504,0.0009136741823069368,1471.0,1.4349922132841453,-0.09097749111064135,-6.339929253164995,11.2696,1.5158925520896385,9.8834,-2.4490999999999996,-24.779934030799115,True
E23000011,South Yorkshire,E02001629,Sheffield 019,2026-02,local_reassurance,wider_local_policing,1.4461,4.8839,12.0077,0.650745,2.197755,5.403465,1.0590054739180272,0.25860462843290055,1.317610102350928,0.0008957240668599102,1471.0,1.414103025908124,-0.09649292355719608,-6.8236133994006,10.5616,2.1625340404185183,7.2418,-2.3579,-32.559584633654616,True
E23000011,South Yorkshire,E02001632,Sheffield 022,2026-02,local_reassurance,wider_local_policing,6.0961,13.0991,28.433799999999998,2.743245,5.894595,12.795209999999999,1.9884299925826294,0.6936030402558219,2.682033032838451,0.001823271946185215,1471.0,2.9076981090977414,-0.22566507625929022,-7.760952746546101,22.337699999999998,1.7052850959226205,18.7474,-5.648299999999999,-30.128444477634233,True
E23000011,South Yorkshire,E02001636,Sheffield 026,2026-02,local_reassurance,wider_local_policing,1.5638,5.4671,14.069099999999999,0.7037100000000001,2.4601949999999997,6.331095,1.5341881263540376,0.28948532199789323,1.8236734483519308,0.0012397508146512106,1471.0,1.9476023287047937,-0.12392888035286287,-6.363151169329255,12.505299999999998,2.287373561851804,8.4311,-2.9640000000000004,-35.15555502840673,True
E23000011,South Yorkshire,E02001637,Sheffield 027,2026-02,local_reassurance,wider_local_policing,3.3291,7.8925,15.565,1.498095,3.5516249999999996,7.004250000000001,1.374219413671802,0.4179113065186977,1.7921307201904997,0.001218307763555744,1471.0,1.8938716170915937,-0.101740896901094,-5.372111603707164,12.235899999999999,1.5503199239784604,10.5977,-2.7051999999999996,-25.526293441029658,True
E23000011,South Yorkshire,E02001649,Sheffield 039,2026-01,local_reassurance,wider_local_policing,5.3718,12.040099999999999,22.0994,2.41731,5.418045,9.94473,1.7505237673239114,0.5903794686011715,2.340903235925083,0.001591368617216236,1471.0,2.252324243037078,0.08857899288800519,3.932781577157095,16.7276,1.3893240089368029,10.0322,2.0078999999999994,20.01455313889276,True
E23000011,South Yorkshire,E02001649,Sheffield 039,2026-02,local_reassurance,wider_local_policing,3.5134,8.6364,18.4723,1.58103,3.88638,8.312535,1.7505237673239114,0.4573011349531937,2.207824902277105,0.0015009006813576512,1471.0,2.340903235925083,-0.13307833364797794,-5.684913908685669,14.9589,1.7320758649437265,12.040099999999999,-3.403699999999999,-28.269698756654837,True
E23000011,South Yorkshire,E02001650,Sheffield 040,2026-02,local_reassurance,wider_local_policing,2.855,6.5465,15.1259,1.2847500000000003,2.945925,6.806655,1.484748976962087,0.34664002130182514,1.831388998263912,0.0012449959199618708,1471.0,1.9290744854486872,-0.09768548718477521,-5.063852532477736,12.2709,1.8744214465745053,9.0615,-2.5150000000000006,-27.754786735088015,True
E23000011,South Yorkshire,E02001653,Sheffield 043,2026-02,local_reassurance,wider_local_policing,1.3633,4.4744,11.002400000000002,0.6134850000000001,2.01348,4.95108,1.2055909773699576,0.23692142538958014,1.4425124027595377,0.0009806338563966945,1471.0,1.5297183819054236,-0.0872059791458859,-5.700786509296029,9.639100000000001,2.154277668514214,6.6102,-2.1357999999999997,-32.31067138664488,True
E23000011,South Yorkshire,E02001658,Sheffield 048,2026-02,local_reassurance,wider_local_policing,3.288,6.8725000000000005,13.3465,1.4796000000000002,3.092625,6.005925,0.8421974843870841,0.36390186304082994,1.206099347427914,0.0008199179792168008,1471.0,1.2843458640785836,-0.07824651665066962,-6.092324415028602,10.0585,1.4635867588213896,9.0171,-2.1445999999999987,-23.783699859156478,True
E23000011,South Yorkshire,E02001659,Sheffield 049,2026-02,local_reassurance,wider_local_policing,1.633,5.0978,11.4862,0.73485,2.29401,5.1687899999999996,0.9376118937231419,0.2699307264328182,1.20754262015596,0.000820899129949667,1471.0,1.2901400414595612,-0.08259742130360115,-6.402205857447618,9.853200000000001,1.9328337714308135,7.1894,-2.0915999999999997,-29.092831112471135,True
E23000011,South Yorkshire,E02001661,Sheffield 051,2026-02,local_reassurance,wider_local_policing,1.0897000000000001,4.0935,12.1542,0.49036500000000005,1.8420750000000001,5.469390000000001,1.2035441336053228,0.21675260478103128,1.420296738386354,0.0009655314333013963,1471.0,1.5262299258305192,-0.10593318744416513,-6.94084067225455,11.064499999999999,2.702943691217784,6.5808,-2.4873000000000003,-37.796316557257484,True
E23000011,South Yorkshire,E02001674,Sheffield 064,2026-01,acquisitive_crime,wider_local_policing,8.0476,22.3378,43.120000000000005,3.2796950000000002,9.96944,20.09924,1.942927081199592,1.0863240688202596,3.0292511500198516,0.0020593141740447665,1471.0,2.8932439179097553,0.13600723211009624,4.700856062227745,35.0724,1.570091951758902,18.7659,3.571900000000003,19.033992507686833,True
E23000011,South Yorkshire,E02001674,Sheffield 064,2026-02,acquisitive_crime,wider_local_policing,4.1027,16.915799999999997,36.5381,1.67909,7.783735,17.446495,1.942927081199592,0.9158936721769096,2.8588207533765018,0.0019434539451913676,1471.0,3.0292511500198516,-0.1704303966433498,-5.626156043292512,32.4354,1.9174617812932293,22.3378,-5.422000000000004,-24.27275738882076,True
E23000011,South Yorkshire,E02001680,Sheffield 070,2026-02,local_reassurance,wider_local_policing,1.7863,4.8035,11.2972,0.803835,2.161575,5.083740000000001,1.0089365264446504,0.2543474134764098,1.2632839399210603,0.0008587926172135012,1471.0,1.3504368303518322,-0.0871528904307719,-6.453681391973423,9.5109,1.9799937545539712,6.964499999999999,-2.1609999999999996,-31.028788857778732,True
E23000011,South Yorkshire,E02006844,Sheffield 074,2026-02,local_reassurance,wider_local_policing,4.3705,12.1315,26.412300000000002,1.9667249999999998,5.459174999999999,11.885535,1.2096846648992274,0.6423681995605425,1.85205286445977,0.0012590434156762543,1471.0,2.044490971739543,-0.19243810727977317,-9.41251929892546,22.041800000000002,1.8169064006924123,17.0249,-4.893399999999998,-28.742606417658834,True
E23000011,South Yorkshire,E02006869,Sheffield 076,2026-01,local_reassurance,wider_local_policing,4.71,12.7056,23.3687,2.1195,5.71752,10.515915,1.7820136713952173,0.623011883311521,2.4050255547067385,0.0016349595885157978,1471.0,2.312720119369168,0.09230543533757052,3.991206482985426,18.6587,1.4685414305503084,10.6101,2.0955000000000013,19.750049481154765,True
E23000012,Humberside,E02002688,East Riding of Yorkshire 005,2026-02,acquisitive_crime,wider_local_policing,8.7349,16.642400000000002,30.3556,3.5232900000000003,7.298755,13.832495,1.1237573593804426,0.9164584936961049,2.0402158530765475,0.0020160235702337426,1012.0,2.084828752055778,-0.044612898979230486,-2.1398831407730365,21.6207,1.2991335384319567,18.7817,-2.1392999999999986,-11.390342727229157,True
E23000013,Cleveland,E02002485,Hartlepool 003,2026-02,local_reassurance,wider_local_policing,5.111,10.0462,17.7481,2.29995,4.52079,7.986645000000001,1.4948577695776215,0.45448899339658855,1.94934676297421,0.0026887541558264965,725.0,2.029823001513527,-0.08047623853931696,-3.964692413048343,12.6371,1.2578985088889332,12.7474,-2.7012,-21.190203492476897,True
E23000013,Cleveland,E02002494,Hartlepool 012,2026-02,local_reassurance,wider_local_policing,4.69,9.216999999999999,17.3021,2.1105,4.14765,7.785945000000001,1.4337256121890527,0.41697607574369977,1.8507016879327525,0.0025526919833555204,725.0,1.935218271757881,-0.0845165838251285,-4.367289471091897,12.612099999999998,1.3683519583378538,11.9498,-2.732800000000001,-22.86900199166514,True
E23000013,Cleveland,E02002497,Middlesbrough 002,2026-01,local_reassurance,wider_local_policing,5.4923,11.6269,20.3303,2.4715350000000003,5.232105000000001,9.148635,1.2046193810033217,0.4879416394869213,1.692561020490243,0.002334566924814128,725.0,1.6129494933718114,0.07961152711843167,4.935773094296134,14.838000000000001,1.2761785170595776,9.523100000000001,2.103799999999998,22.091545820163578,True
E23000013,Cleveland,E02002497,Middlesbrough 002,2026-02,local_reassurance,wider_local_policing,3.7025,8.306099999999999,16.9742,1.666125,3.737745,7.63839,1.2046193810033217,0.3757670589925946,1.5803864399959162,0.0021798433655116087,725.0,1.692561020490243,-0.11217458049432683,-6.627505840931865,13.2717,1.5978256943691986,11.6269,-3.3208,-28.561353413205588,True
E23000013,Cleveland,E02002498,Middlesbrough 003,2026-02,acquisitive_crime,wider_local_policing,6.8929,21.2446,39.6001,3.342325,10.50299,19.667745,2.2451048034659062,1.055898051613642,3.301002855079548,0.004553107386316618,725.0,3.327508677997743,-0.026505822918195143,-0.7965666053242106,32.7072,1.5395535806746186,23.710900000000002,-2.466300000000004,-10.401545280862404,True
E23000013,Cleveland,E02002519,Redcar and Cleveland 005,2026-02,local_reassurance,wider_local_policing,2.2836,6.9269,15.0665,1.02762,3.117105,6.779925,1.4030666274805,0.3133722012660338,1.7164388287465338,0.0023675018327538396,725.0,1.8117627072874416,-0.09532387854090785,-5.261388710424782,12.7829,1.845399818100449,9.7386,-2.8117,-28.871706405438154,True
E23000013,Cleveland,E02002520,Redcar and Cleveland 006,2026-01,local_reassurance,wider_local_policing,4.069,11.1658,20.43,1.8310499999999998,5.02461,9.1935,2.6701606577785677,0.46859083316989614,3.1387514909484637,0.0043293124013082255,725.0,3.055032295020596,0.08371919592786758,2.740370243035456,16.361,1.465277902165541,8.975999999999999,2.1898000000000017,24.396167557932287,True
E23000013,Cleveland,E02002523,Redcar and Cleveland 009,2026-02,local_reassurance,wider_local_policing,4.4284,8.8783,17.110599999999998,1.99278,3.995235,7.69977,1.1834368097501395,0.40165332464742215,1.5850901343975616,0.0021863312198587056,725.0,1.6784288406082606,-0.09333870621069895,-5.561076165544982,12.682199999999998,1.4284491400380703,11.7949,-2.9166000000000007,-24.727636520869194,True
E23000013,Cleveland,E02002525,Redcar and Cleveland 011,2026-02,local_reassurance,wider_local_policing,2.7705,7.5502,16.2031,1.246725,3.39759,7.2913950000000005,1.5040926273958948,0.34157022535316073,1.8456628527490555,0.002545741865860766,725.0,1.9111855824981947,-0.0655227297491392,-3.4283813329886863,13.432599999999999,1.7791051892665093,9.7004,-2.1502,-22.166096243453875,True
E23000013,Cleveland,E02002536,Stockton-on-Tees 002,2026-02,local_reassurance,wider_local_policing,3.9612,9.0095,17.835,1.7825400000000002,4.054275,8.02575,1.736227594646774,0.4075887983522689,2.143816392999043,0.002956988128274542,725.0,2.2140762631529003,-0.07025987015385748,-3.17332656165175,13.873800000000001,1.5399078750208117,11.3864,-2.376900000000001,-20.874903393522104,True
E23000013,Cleveland,E02002537,Stockton-on-Tees 003,2026-02,local_reassurance,wider_local_policing,4.8033,10.231200000000001,18.700400000000002,2.161485,4.60404,8.41518,1.5855340395035236,0.46285837323955104,2.0483924127430746,0.0028253688451628615,725.0,2.107917680171062,-0.05952526742798758,-2.8238895658940995,13.897100000000002,1.3583059660645869,12.4476,-2.2163999999999984,-17.80584209004144,True
E23000013,Cleveland,E02002543,Stockton-on-Tees 009,2026-02,acquisitive_crime,wider_local_policing,3.4472000000000005,10.9298,27.5445,1.3894150000000003,4.738440000000001,13.028550000000001,2.374429975327438,0.47637002069773904,2.8507999960251773,0.003932137925551969,725.0,2.8961514760646123,-0.04535148003943501,-1.5659222390211482,24.097299999999997,2.2047338469139413,13.082799999999999,-2.1529999999999987,-16.456721802672202,True
E23000013,Cleveland,E02002543,Stockton-on-Tees 009,2026-02,local_reassurance,wider_local_policing,5.6883,10.9313,19.5509,2.559735,4.919085,8.797905,1.7808224814955784,0.49453082095878326,2.2753533024543615,0.0031384183482129125,725.0,2.3618712536976414,-0.08651795124327988,-3.663110387910907,13.862599999999999,1.268156577900158,13.845500000000001,-2.914200000000001,-21.047993933046843,True
E23000014,West Midlands,E02001855,Birmingham 029,2026-02,acquisitive_crime,wider_local_policing,9.6151,19.1026,36.677699999999994,3.8460400000000003,7.71902,16.25777,2.244392315564233,0.9186877890456197,3.1630801046098527,0.0009433582178973613,3353.0,3.211847331204321,-0.048767226594468305,-1.5183544410930156,27.062599999999996,1.4166972035220335,21.5559,-2.4533000000000023,-11.381106796747071,True
E23000014,West Midlands,E02001901,Birmingham 075,2026-02,acquisitive_crime,wider_local_policing,7.7961,17.7717,35.3528,3.235550000000001,7.609635000000001,16.41423,1.8796814047126997,0.9056692110648974,2.785350615777597,0.0008307040309506702,3353.0,2.818738247156562,-0.033387631378964944,-1.1844885353453851,27.556700000000003,1.550594484489385,19.7847,-2.0130000000000017,-10.17452880255956,True
E23000014,West Midlands,E02001902,Birmingham 076,2026-02,acquisitive_crime,wider_local_policing,4.7182,12.6019,25.264899999999997,1.88805,5.354080000000001,11.546595,1.4183959536045299,0.6372218128173489,2.0556177664218787,0.0006130682273849922,3353.0,2.107504934285835,-0.05188716786395631,-2.462018808109656,20.546699999999998,1.6304446154944887,14.7083,-2.106399999999999,-14.321165600375291,True
E23000014,West Midlands,E02001905,Birmingham 079,2026-02,acquisitive_crime,wider_local_policing,4.3319,15.5192,37.691500000000005,1.8230250000000001,7.299225000000001,18.1734,2.28733958170189,0.8687254181225744,3.1560649998244643,0.0009412660303681671,3353.0,3.1975783406329747,-0.041513340808510435,-1.2982743934990717,33.35960000000001,2.149569565441518,17.6475,-2.128300000000001,-12.060065165037546,True
E23000014,West Midlands,E02001965,Coventry 008,2026-02,acquisitive_crime,wider_local_policing,12.8857,24.5608,46.1843,5.154280000000001,9.901425000000001,20.235480000000003,1.8362796701503052,1.1784291583194533,3.0147088284697583,0.0008991079118609479,3353.0,3.0659500466949234,-0.05124121822516514,-1.6712998400089032,33.2986,1.3557620272955277,27.4723,-2.9115,-10.597947751007379,True
E23000014,West Midlands,E02001972,Coventry 015,2026-01,local_reassurance,wider_local_policing,3.198,10.0656,19.3563,1.4391,4.52952,8.710335,2.104416040745202,0.5038389872924707,2.6082550280376724,0.0007778869752572838,3353.0,2.497954639317391,0.11030038872028136,4.415628169710193,16.1583,1.6052992370052457,7.7507,2.3148999999999997,29.866979756667135,True
E23000014,West Midlands,E02001976,Coventry 019,2026-02,acquisitive_crime,wider_local_policing,8.397200000000002,18.910899999999998,36.8737,3.3619600000000007,8.339295,16.862815,1.7072106375249652,0.9925105111463878,2.699721148671353,0.0008051658659920527,3353.0,2.7379564270626418,-0.03823527839128893,-1.3964896597097725,28.476499999999998,1.5058246831192592,21.165799999999997,-2.2548999999999992,-10.653507072730536,True
E23000014,West Midlands,E02001990,Coventry 033,2026-02,acquisitive_crime,wider_local_policing,10.300799999999999,19.5711,39.6393,4.24296,8.27133,18.143635,2.0969173117370397,0.9844215807403925,3.081338892477432,0.0009189796875864694,3353.0,3.1394166969299424,-0.05807780445251032,-1.8499552642790302,29.3385,1.4990726121679414,22.262700000000002,-2.691600000000001,-12.090177741244327,True
E23000014,West Midlands,E02002083,Solihull 003,2026-02,acquisitive_crime,wider_local_policing,3.1181,11.2598,24.5501,1.2473450000000001,4.701285,10.934475,1.3647686794855505,0.5595286865849987,1.9242973660705491,0.0005739031810529523,3353.0,2.0102709470949782,-0.08597358102442909,-4.276716088876906,21.432000000000002,1.9034085862981582,14.007099999999998,-2.7472999999999974,-19.613624518993923,True
E23000014,West Midlands,E02002086,Solihull 006,2026-02,acquisitive_crime,wider_local_policing,5.3723,13.8278,27.1284,2.1503900000000002,5.831595,12.196900000000001,1.3354554660900069,0.6940537940256005,2.0295092601156073,0.0006052816164973478,3353.0,2.1208484919251975,-0.09133923180959025,-4.306730639050844,21.7561,1.5733594642676347,16.9079,-3.0801000000000016,-18.216928181500965,True
E23000014,West Midlands,E02002109,Solihull 029,2026-02,disorder_damage,wider_local_policing,10.255700000000001,23.3067,44.4918,10.221580000000001,21.98504,40.47992,2.346065423460889,2.61657409744754,4.962639520908429,0.0014800595051918965,3353.0,5.081257777376806,-0.11861825646837776,-2.3344270585227878,34.23609999999999,1.4689381165072701,26.051099999999998,-2.744399999999999,-10.534679917546665,True
E23000014,West Midlands,E02002140,Walsall 031,2026-02,acquisitive_crime,wider_local_policing,2.3292,10.2652,23.5814,0.932485,4.50935,11.206220000000002,1.9678482791116996,0.5366853281288124,2.504533607240512,0.000746953059123326,3353.0,2.5606776640199573,-0.05614405677944534,-2.192546823379007,21.2522,2.0703152398394575,12.331,-2.0657999999999994,-16.752899197145403,True
E23000014,West Midlands,E02006895,Birmingham 134,2026-02,acquisitive_crime,wider_local_policing,10.7651,23.0435,40.8643,4.38885,10.22232,18.693345,2.2325761365210677,1.2166208352506949,3.4491969717717623,0.001028689821584182,3353.0,3.4999355496235047,-0.050738577851742406,-1.4497003482592832,30.0992,1.306190465858051,25.898500000000002,-2.8550000000000004,-11.0238044674402,True
E23000014,West Midlands,E02006896,Birmingham 135,2026-02,local_reassurance,wider_local_policing,5.2824,12.5811,23.7396,2.37708,5.661495,10.68282,1.2193955921227664,0.6738091524886358,1.8932047446114022,0.0005646301057594399,3353.0,1.9780122440770502,-0.08480749946564803,-4.28751134982077,18.4572,1.4670577294513198,15.1555,-2.5744000000000007,-16.98657253142424,True
E23000014,West Midlands,E02006899,Birmingham 138,2026-02,local_reassurance,wider_local_policing,9.4554,19.160899999999998,35.7209,4.25493,8.622405,16.074405,1.1060625287039487,1.0262051640889511,2.1322676927929,0.0006359283306868178,3353.0,2.3668813519750573,-0.23461365918215726,-9.912354034408297,26.265500000000003,1.3707863409338812,25.1884,-6.027500000000003,-23.929666036747086,True
E23000015,Staffordshire,E02006974,Stoke-on-Trent 035,2026-02,acquisitive_crime,wider_local_policing,15.7521,26.492399999999996,51.0608,7.022225000000001,11.961365,23.77662,2.029639003541883,1.6579295055672603,3.6875685091091435,0.003386196978061656,1089.0,3.7732011998810275,-0.08563269077188407,-2.2694970725278085,35.3087,1.332786006552823,29.801499999999997,-3.309100000000001,-11.103803499823837,True
E23000016,West Mercia,E02002926,Herefordshire 022,2026-01,local_reassurance,wider_local_policing,3.8053,8.5025,16.489,1.712385,3.8261249999999998,7.42005,1.7522129645508893,0.6772811040771367,2.429494068628026,0.0016977596566233584,1431.0,2.2763472377832064,0.15314683084481961,6.727744708841514,12.683700000000002,1.4917612466921497,6.375,2.1274999999999995,33.37254901960783,True
E23000016,West Mercia,E02006774,Wyre Forest 008,2026-02,acquisitive_crime,wider_local_policing,5.6525,11.868500000000001,26.661199999999997,2.262435,5.04588,12.208680000000001,1.5867708986373965,0.9506967645367173,2.5374676631741138,0.0017732129022879901,1431.0,2.640890155784444,-0.10342249261033043,-3.916198194907885,21.008699999999997,1.7701225934195557,14.1303,-2.261799999999999,-16.006737295032654,True
E23000017,Warwickshire,E02006512,Stratford-on-Avon 009,2026-02,acquisitive_crime,wider_local_policing,15.1588,24.3232,45.9535,6.081055,10.126320000000002,20.27007,2.2199694718493355,1.532705071413181,3.7526745432625166,0.006749414646155605,556.0,3.8182195203748455,-0.06554497711232887,-1.716637211730931,30.7947,1.2660628535718983,27.139899999999997,-2.8166999999999973,-10.378446493907486,True
E23000018,Derbyshire,E02002821,Derby 026,2026-02,local_reassurance,wider_local_policing,5.4375,10.8648,20.6138,2.446875,4.88916,9.27621,1.810550514501061,0.6310926866380635,2.4416432011391245,0.002301265976568449,1061.0,2.540380041068733,-0.09873683992960869,-3.8866956255911336,15.176300000000001,1.396831971136146,13.531,-2.6662,-19.704382529007464,True
E23000018,Derbyshire,E02004121,South Derbyshire 004,2026-02,disorder_damage,wider_local_policing,8.598099999999999,18.6107,35.9947,8.57252,17.629279999999998,32.87652,1.548256696643941,2.275587151718226,3.823843848362167,0.0036039998570802706,1061.0,3.941199063402401,-0.11735521504023394,-2.9776525659407382,27.396600000000003,1.4720886371818362,21.109,-2.4983000000000004,-11.835236155194467,True
E23000019,Nottinghamshire,E02002877,Nottingham 010,2026-02,acquisitive_crime,wider_local_policing,4.8698,11.724799999999998,28.593600000000002,1.9489,5.136240000000001,13.2258,1.5877869852836288,0.6961416898080107,2.2839286750916394,0.0018969507268202985,1204.0,2.366785840728375,-0.08285716563673562,-3.5008307135738335,23.723800000000004,2.0233863264192147,14.192900000000002,-2.4681000000000033,-17.389680755870916,True
E23000019,Nottinghamshire,E02002878,Nottingham 011,2026-01,local_reassurance,wider_local_policing,5.2384,11.1545,19.2495,2.35728,5.019525,8.662275,1.4137599090482502,0.6355260377145157,2.0492859467627658,0.0017020647398361842,1204.0,1.9239230648052599,0.1253628819575059,6.516002861590267,14.0111,1.2560939531130935,8.748899999999999,2.4056000000000015,27.496028072100515,True
E23000019,Nottinghamshire,E02002879,Nottingham 012,2026-01,local_reassurance,wider_local_policing,3.3811,8.7112,15.308100000000001,1.5214949999999998,3.92004,6.888645,1.532018870423301,0.4963193706341557,2.028338241057457,0.0016846663131706453,1204.0,1.9116921234550497,0.11664611760240717,6.101720887544888,11.927000000000001,1.3691569473780882,6.5111,2.2001,33.78998940271229,True
E23000019,Nottinghamshire,E02002893,Nottingham 026,2026-02,acquisitive_crime,wider_local_policing,10.6806,27.4648,52.293,4.346265000000001,11.977365,24.088655000000003,2.9692064806914154,1.6233554332638902,4.592561913955306,0.0038144201943150382,1204.0,4.6507801232857,-0.05821820933039401,-1.2517944901094098,41.6124,1.5151175322594739,30.6843,-3.2195,-10.492336471746137,True
E23000019,Nottinghamshire,E02002893,Nottingham 026,2026-02,local_reassurance,wider_local_policing,6.0421,13.2562,24.3118,2.718945,5.96529,10.94031,2.2269048605185615,0.8085072077618701,3.0354120682804315,0.002521106369003681,1204.0,3.166699422309513,-0.13128735402908154,-4.145873558575131,18.2697,1.3782003892518218,16.4949,-3.2387000000000015,-19.634553710540843,True
E23000019,Nottinghamshire,E02002902,Nottingham 035,2026-02,acquisitive_crime,wider_local_policing,8.4148,14.5318,33.071600000000004,3.366025,6.0035050000000005,14.766295000000001,1.9355355590428223,0.8136866882137208,2.749222247256543,0.002283407182106763,1204.0,2.811799357424011,-0.06257711016746814,-2.225518332317895,24.656800000000004,1.6967478220179195,16.8404,-2.3085999999999984,-13.708700505926217,True
E23000019,Nottinghamshire,E02005832,Ashfield 014,2026-02,acquisitive_crime,wider_local_policing,10.0702,19.314,37.9353,4.028255000000001,8.064085,17.029715000000003,1.9267756359780042,1.0929679607369265,3.019743596714931,0.0025080926883014375,1204.0,3.06376524082183,-0.04402164410689924,-1.4368478211173512,27.865099999999998,1.4427410168789478,21.644,-2.3299999999999983,-10.765108113102931,True
E23000020,Lincolnshire,E02005445,Lincoln 004,2026-02,acquisitive_crime,wider_local_policing,14.8898,27.1781,49.3165,6.00135,11.664060000000001,22.268055,2.1348209944856067,1.5570033923555466,3.6918243868411533,0.005389524652322852,685.0,3.741976360423764,-0.05015197358261059,-1.3402536187302658,34.4267,1.2667073857260072,30.387800000000002,-3.2097000000000016,-10.562462567214478,True
E23000020,Lincolnshire,E02005448,Lincoln 007,2026-01,local_reassurance,wider_local_policing,4.662,11.5597,20.0814,2.0979,5.201865,9.036629999999999,0.9105350321695777,0.6459420611641034,1.556477093333681,0.0022722293333338407,685.0,1.454458570583876,0.10201852274980494,7.01419241586584,15.4194,1.3338927480816976,9.456900000000001,2.1027999999999984,22.23561632247352,True
E23000020,Lincolnshire,E02005449,Lincoln 008,2026-02,acquisitive_crime,wider_local_policing,11.294900000000002,19.003,35.1018,4.518415000000001,7.822889999999999,15.48573,1.5418713451408759,1.044256139630993,2.586127484771869,0.003775368590907838,685.0,2.630591979762098,-0.044464494990228864,-1.6902847470191895,23.806899999999995,1.252796926801031,21.384000000000004,-2.381000000000004,-11.13449307893754,True
E23000020,Lincolnshire,E02005470,South Holland 006,2026-02,acquisitive_crime,wider_local_policing,7.980000000000001,15.925699999999999,34.1967,3.2706799999999996,7.030520000000001,15.243985,2.18589084774071,0.9384848406149762,3.1243756883556864,0.004561132391760126,685.0,3.1623938315031905,-0.03801814314750418,-1.2021950830024513,26.2167,1.6461882366238219,17.991699999999998,-2.065999999999999,-11.483072750212592,True
E23000021,Leicestershire,E02002830,Leicester 004,2026-02,acquisitive_crime,wider_local_policing,5.0302999999999995,15.0257,30.9815,2.012155,6.220315000000001,14.19839,2.2005010058445076,0.9047757718123095,3.105276777656817,0.0027431773654212166,1132.0,3.158440672363269,-0.05316389470645211,-1.6832323358688512,25.9512,1.7271208662491597,17.0872,-2.0614999999999988,-12.06458635703918,True
E23000021,Leicestershire,E02002836,Leicester 010,2026-02,disorder_damage,wider_local_policing,11.1655,22.6522,45.8431,10.93476,21.37128,40.71774,1.6109559513328222,3.1085590290229623,4.719514980355784,0.004169182844837266,1132.0,5.0885588973302145,-0.3690439169744302,-7.252424987515707,34.6776,1.5308711736608362,27.709,-5.056799999999999,-18.249666173445448,True
E23000021,Leicestershire,E02002856,Leicester 030,2026-02,acquisitive_crime,wider_local_policing,4.023700000000001,13.5709,35.1003,1.7716350000000003,6.123740000000001,16.994925,2.2411861359065655,0.8907284574620276,3.131914593368593,0.0027667090047425735,1132.0,3.19655070492482,-0.06463611155622706,-2.0220580720538655,31.076599999999996,2.289943924131782,15.7512,-2.180300000000001,-13.842119965462954,True
E23000022,Northamptonshire,E02005616,North Northamptonshire 005,2026-02,acquisitive_crime,wider_local_policing,4.34,10.672600000000001,23.6756,1.73943,4.585475,10.7987,0.9760446110128154,0.541541322251607,1.5175859332644224,0.0022684393621291814,669.0,1.5822886021661566,-0.06470266890173426,-4.089182517851431,19.3356,1.8117047392387982,12.9162,-2.243599999999999,-17.37043402858425,True
E23000022,Northamptonshire,E02005617,North Northamptonshire 007,2026-01,local_reassurance,wider_local_policing,5.1781,11.996300000000002,22.2896,2.330145,5.398335,10.03032,1.399972389108043,0.5969720359387638,1.9969444250468067,0.002984969245211968,669.0,1.9028728811829843,0.09407154386382244,4.943658864134935,17.1115,1.426398139426323,9.8067,2.189600000000002,22.327592360325106,True
E23000022,Northamptonshire,E02005623,West Northamptonshire 003,2026-02,local_reassurance,wider_local_policing,3.7715,12.3905,23.2164,1.697175,5.575725,10.44738,1.5540067403842506,0.6584891399498072,2.2124958803340578,0.0033071687299462745,669.0,2.2887078681152935,-0.07621198778123572,-3.3299133036141835,19.4449,1.569339413260159,14.764,-2.3735,-16.076266594418858,True
E23000022,Northamptonshire,E02005643,North Northamptonshire 016,2026-02,local_reassurance,wider_local_policing,4.3373,9.2481,16.502200000000002,1.951785,4.161645,7.4259900000000005,1.0707483838863856,0.4914873019789203,1.562235685865306,0.0023351803974070344,669.0,1.63453844258517,-0.07230275671986397,-4.423435682889822,12.164900000000003,1.3153945134676315,11.3295,-2.0813999999999986,-18.371508010062215,True
E23000022,Northamptonshire,E02005672,West Northamptonshire 031,2026-02,acquisitive_crime,wider_local_policing,5.6850000000000005,16.2107,30.6008,2.332065,7.2626800000000005,14.312530000000002,1.4615195699169838,0.8577173205153887,2.3192368904323724,0.0034667218093159527,669.0,2.3539589441487037,-0.0347220537163313,-1.4750492485283486,24.915799999999997,1.5369971685368304,18.2359,-2.0252000000000017,-11.105566492468162,True
E23000022,Northamptonshire,E02007073,West Northamptonshire 039,2026-02,disorder_damage,wider_local_policing,5.2122,12.6331,24.891,4.8816,11.444659999999999,22.0447,0.9679506226153778,1.351606171469712,2.3195567940850896,0.0034671999911585795,669.0,2.450266932940107,-0.13071013885501737,-5.334526499860837,19.6788,1.5577174248600896,14.700700000000001,-2.0676000000000005,-14.06463637785956,True
E23000023,Cambridgeshire,E02003255,Peterborough 019,2026-01,local_reassurance,wider_local_policing,4.2643,11.509500000000001,24.0273,1.918935,5.179275,10.812285,1.4456110489823903,0.5207102652948706,1.9663213142772609,0.0030771851553634756,639.0,1.8885717560231194,0.07774955825414143,4.116844276961094,19.762999999999998,1.717103262522264,9.5019,2.007600000000002,21.128405897767834,True
E23000023,Cambridgeshire,E02003726,Cambridge 008,2026-02,acquisitive_crime,wider_local_policing,11.242700000000001,20.6078,40.206199999999995,4.49708,8.263910000000001,17.695385,1.1263953464907415,0.8826246755931687,2.0090200220839103,0.0031440062943410177,639.0,2.1051273588475956,-0.09610733676368532,-4.56539298488321,28.963499999999996,1.405462980036685,24.294400000000003,-3.686600000000002,-15.174690463645948,True
E23000024,Norfolk,E02005543,Great Yarmouth 006,2026-02,local_reassurance,wider_local_policing,7.521599999999999,15.4984,27.2833,3.3847199999999997,6.97428,12.277485,1.363168610961816,1.2619412223124402,2.625109833274256,0.0027956441248927115,939.0,2.8918453680000478,-0.2667355347257918,-9.223713607835874,19.7617,1.275080008258917,20.0462,-4.547799999999999,-22.68659396793407,True
E23000024,Norfolk,E02005561,King's Lynn and West Norfolk 011,2026-01,local_reassurance,wider_local_policing,7.0207,15.851299999999998,28.0489,3.1593150000000003,7.133085,12.622005,1.5691817471437848,1.2087834042781238,2.777965151421909,0.0029584293412373897,939.0,2.5917339432286455,0.18623120819326333,7.185583561917097,21.0282,1.3265915098446184,13.1239,2.7273999999999976,20.78193220003198,True
E23000024,Norfolk,E02005561,King's Lynn and West Norfolk 011,2026-02,local_reassurance,wider_local_policing,5.7646,13.6264,25.2857,2.5940700000000003,6.131880000000001,11.378565,1.5691817471437848,1.109515554619718,2.6786973017635027,0.00285271278143078,939.0,2.777965151421909,-0.09926784965840607,-3.5734015456455803,19.521099999999997,1.43259408207597,15.851299999999998,-2.224899999999998,-14.036072751130813,True
E23000024,Norfolk,E02007052,Norwich 016,2026-02,local_reassurance,wider_local_policing,3.9796,8.1433,14.6818,1.7908199999999999,3.6644850000000004,6.60681,0.9618782344270795,0.6630597968601207,1.6249380312872002,0.0017304984358756125,939.0,1.7593658275746298,-0.13442779628742962,-7.640696106547937,10.702200000000001,1.314233787285253,10.4578,-2.3145000000000007,-22.131805924764294,True
E23000025,Suffolk,E02006251,Ipswich 007,2026-02,local_reassurance,wider_local_policing,2.1866,6.555300000000001,17.034100000000002,0.98397,2.949885,7.665345,1.3641221342121888,0.5298939471954953,1.894016081407684,0.002805949750233606,675.0,2.0686947403696463,-0.17467865896196222,-8.443906950270954,14.847500000000002,2.2649611764526414,9.300099999999999,-2.744799999999998,-29.51366114342855,True
E23000025,Suffolk,E02006308,East Suffolk 006,2026-02,acquisitive_crime,wider_local_policing,8.317800000000002,16.7265,30.4873,3.3855700000000004,7.33292,13.925320000000001,1.2681344488534707,1.3172275947261645,2.585362043579635,0.003830165990488348,675.0,2.657965151469824,-0.0726031078901892,-2.7315297136247447,22.1695,1.3254117717394551,19.031299999999998,-2.3047999999999966,-12.110575735761596,True
E23000026,Bedfordshire,E02003644,Central Bedfordshire 026,2026-02,local_reassurance,wider_local_policing,4.6073,10.3545,19.4421,2.0732850000000003,4.659525,8.748945,1.1965149392732064,0.5484300364575333,1.7449449757307396,0.0033364148675539954,523.0,1.8643052066750792,-0.11936023094433956,-6.402397553628797,14.8348,1.4326911004877105,13.3408,-2.9863,-22.384714559846486,True
E23000026,Bedfordshire,E02003647,Central Bedfordshire 029,2026-02,local_reassurance,wider_local_policing,2.624,8.6981,19.545099999999998,1.1808,3.9141450000000004,8.795295,1.1757580852788398,0.46069817954621384,1.6364562648250538,0.0031289794738528754,523.0,1.7127664181909614,-0.07631015336590763,-4.455374215388171,16.9211,1.9453788758464492,10.7281,-2.0299999999999994,-18.92226955378864,True
E23000027,Hertfordshire,E02004902,Hertsmere 007,2026-02,acquisitive_crime,wider_local_policing,7.781499999999999,14.9844,31.4037,3.1126000000000005,6.18262,14.026475,2.0590786954679032,1.2828294588537419,3.3419081543216453,0.0021630473490754985,1545.0,3.4269470435640157,-0.08503888924237035,-2.4814766076434647,23.6222,1.5764528442913963,17.0004,-2.0159999999999982,-11.858544504835171,True
E23000027,Hertfordshire,E02004926,St Albans 003,2026-02,acquisitive_crime,wider_local_policing,8.9712,16.4022,31.3563,3.5918750000000004,6.827475000000001,13.613240000000001,2.0940685809468556,1.416630176136889,3.5106987570837447,0.002272296930151291,1545.0,3.6128022053058437,-0.10210344822209905,-2.8261566069724933,22.3851,1.3647620441160333,18.7314,-2.3292,-12.434735257375316,True
E23000029,Thames Valley,E02003482,Milton Keynes 024,2026-02,disorder_damage,wider_local_policing,12.742799999999999,25.594199999999997,44.739000000000004,12.43058,24.39882,41.52078,1.5178768423952211,4.149584221660904,5.667461064056125,0.0023029098187956625,2461.0,5.897674281731958,-0.23021321767583292,-3.9034576458201196,31.996200000000005,1.2501347961647564,28.695,-3.100800000000003,-10.806063774176696,True
E23000029,Thames Valley,E02005924,Cherwell 004,2026-02,acquisitive_crime,wider_local_policing,3.7069,14.834999999999999,37.8811,1.51069,6.2889,17.06897,2.489254425920892,1.0695730454015095,3.5588274713224015,0.0014460899924105654,2461.0,3.700731854763822,-0.14190438344142065,-3.8344951488109604,34.174200000000006,2.303619817997978,18.0512,-3.2162000000000024,-17.817098032263797,True
E23000029,Thames Valley,E02005947,Oxford 008,2026-02,local_reassurance,wider_local_policing,0.1695,2.0853,9.6958,0.076275,0.938385,4.363110000000001,2.5782844996386873,0.15959409470799274,2.73787859434668,0.001112506539758911,2461.0,2.918067123559282,-0.18018852921260198,-6.1749274976519,9.5263,4.568311513930849,4.7273000000000005,-2.6420000000000003,-55.88813910688977,True
E23000029,Thames Valley,E02005950,Oxford 011,2026-02,acquisitive_crime,wider_local_policing,9.4326,23.258,47.7902,3.77353,10.034245,21.646405,2.1480511529451616,1.7065556747531159,3.8546068276982774,0.001566276646768906,2461.0,4.052421363147326,-0.1978145354490488,-4.881391092445912,38.3576,1.6492217731533236,28.0186,-4.7606,-16.990856074179298,True
E23000029,Thames Valley,E02005954,Oxford 015,2026-02,acquisitive_crime,wider_local_policing,12.727500000000001,25.5171,46.2293,5.091,10.308025,20.599805,1.9582839756675696,1.7531183022984775,3.711402277966047,0.0015080870694701533,2461.0,3.8175467781137,-0.10614450014765264,-2.7804374462727615,33.5018,1.3129156526407784,28.880499999999998,-3.3633999999999986,-11.645920257613264,True
E23000029,Thames Valley,E02006939,Reading 019,2026-02,local_reassurance,wider_local_policing,4.8518,10.523299999999999,18.3593,2.18331,4.735485,8.261685,1.099941541727655,0.80537886003962,1.9053204017672751,0.0007742057707303027,2461.0,2.0533497483138095,-0.14802934654653432,-7.2091637904402095,13.5075,1.2835802457404049,13.2645,-2.741200000000001,-20.66568660710921,True
E23000030,Hampshire,E02003531,Portsmouth 008,2026-02,disorder_damage,wider_local_policing,13.991999999999999,32.5356,57.8435,12.634900000000002,28.3574,49.89754,0.9523740972803872,3.5485677593401594,4.500941856620547,0.002672768323408876,1684.0,4.865434173271256,-0.3644923166507086,-7.491465379453353,43.8515,1.3478005630755234,38.438900000000004,-5.9033000000000015,-15.357619494834662,True
E23000030,Hampshire,E02003536,Portsmouth 013,2026-02,acquisitive_crime,wider_local_policing,10.9747,23.6569,41.9824,4.4187899999999996,10.12692,18.94294,1.3461500746876458,1.2672551719627698,2.613405246650416,0.0015519033531178241,1684.0,2.6678229450922695,-0.054417698441853624,-2.0397792342989063,31.0077,1.3107254120362346,26.7073,-3.0504,-11.421596342573004,True
E23000030,Hampshire,E02003536,Portsmouth 013,2026-01,local_reassurance,wider_local_policing,4.3077,9.475900000000001,17.808600000000002,1.938465,4.264155,8.01387,1.0096125560157343,0.4963189206300201,1.5059314766457543,0.0008942585965829895,1684.0,1.3980297248241014,0.10790175182165296,7.718130015814152,13.500900000000001,1.424761764054074,7.2774,2.198500000000001,30.209965097424917,True
E23000030,Hampshire,E02003536,Portsmouth 013,2026-02,local_reassurance,wider_local_policing,2.9226,7.0386,14.9069,1.31517,3.16737,6.708105,1.0096125560157343,0.396356050410166,1.4059686064259003,0.0008348982223431712,1684.0,1.5059314766457543,-0.09996287021985406,-6.6379428128102465,11.984300000000001,1.7026539368624445,9.475900000000001,-2.4373000000000014,-25.72103969016137,True
E23000030,Hampshire,E02003541,Portsmouth 018,2026-02,local_reassurance,wider_local_policing,0.7394000000000001,3.7801,12.1577,0.33273,1.7010450000000001,5.4709650000000005,1.3078680087377683,0.21286413578772323,1.5207321445254915,0.0009030475917609807,1684.0,1.6162007498984816,-0.09546860537299007,-5.906976925916334,11.4183,3.0206343747519906,5.8868,-2.1067,-35.78684514507033,True
E23000030,Hampshire,E02003543,Portsmouth 020,2026-02,acquisitive_crime,wider_local_policing,3.2771000000000003,10.6187,26.2772,1.31084,4.2888850000000005,12.038875,1.4395369794056743,0.5366993812732346,1.9762363606789088,0.0011735370312820125,1684.0,2.0383756693418116,-0.06213930866290274,-3.0484718591135573,23.0001,2.165999604471357,12.767199999999999,-2.1484999999999985,-16.82827871420514,True
E23000030,Hampshire,E02003547,Portsmouth 024,2026-02,acquisitive_crime,wider_local_policing,10.309899999999999,21.7597,41.499700000000004,4.164735,9.205045,18.31754,1.3589517944908203,1.1518942466613773,2.5108460411521976,0.001491001212085628,1684.0,2.6045284944879192,-0.09368245333572167,-3.596906447135674,31.189800000000005,1.4333745410092973,25.495199999999997,-3.7354999999999983,-14.65177758950704,True
E23000030,Hampshire,E02003569,Southampton 021,2026-02,acquisitive_crime,wider_local_policing,7.8701,21.0434,38.2161,3.2126850000000005,9.344054999999999,17.33583,1.2992104354093397,1.1692895792456715,2.468500014655011,0.0014658551155908618,1684.0,2.55285900829701,-0.08435899364199884,-3.3044909009007117,30.345999999999997,1.442067346531454,24.5946,-3.5512000000000015,-14.43894188155124,True
E23000030,Hampshire,E02003570,Southampton 022,2026-02,acquisitive_crime,wider_local_policing,7.848,22.1122,40.3403,3.1981050000000004,9.70763,18.54636,1.9895185571035896,1.2147863639686047,3.204304921072194,0.0019027938961236307,1684.0,3.2762437678866076,-0.07193884681441354,-2.195772107055966,32.4923,1.4694286412025939,25.3964,-3.2841999999999985,-12.931754106881286,True
E23000030,Hampshire,E02003570,Southampton 022,2026-02,local_reassurance,wider_local_policing,1.1836,4.138,12.7975,0.53262,1.8621,5.758875,1.492138917827692,0.233018119597259,1.725157037424951,0.0010244400459768117,1684.0,1.8272991425146874,-0.10214210508973642,-5.589785641182472,11.6139,2.8066457225712904,6.399,-2.261,-35.33364588216909,True
E23000030,Hampshire,E02004685,Basingstoke and Deane 011,2026-02,acquisitive_crime,wider_local_policing,3.3258,11.3813,27.962699999999998,1.401685,4.910220000000001,12.640905,1.2972409400550051,0.6144515499752178,1.911692490030223,0.0011352093171200848,1684.0,2.0692984140315933,-0.1576059240013703,-7.616394181364507,24.636899999999997,2.164682417650005,15.6607,-4.279400000000001,-27.325726180822063,True
E23000030,Hampshire,E02004685,Basingstoke and Deane 011,2026-02,local_reassurance,wider_local_policing,2.3179,6.904300000000001,14.601700000000001,1.043055,3.106935,6.570765,0.9729307050412538,0.38879337920139084,1.3617240842426446,0.0008086247531132094,1684.0,1.4763833688502657,-0.11465928460762109,-7.766227053675907,12.283800000000001,1.7791521225902698,9.6121,-2.707799999999999,-28.17074312585178,True
E23000030,Hampshire,E02004734,Fareham 008,2026-02,acquisitive_crime,wider_local_policing,5.5984,12.544,30.2754,2.2437,5.318425,13.47859,1.6699679358628137,0.6655332112770808,2.3355011471398943,0.0013868771657600323,1684.0,2.39913740171607,-0.0636362545761755,-2.652463945193692,24.677,1.967235331632653,14.9076,-2.3636,-15.855000134159756,True
E23000030,Hampshire,E02004748,Gosport 008,2026-02,acquisitive_crime,wider_local_policing,9.033,18.8094,40.4306,3.613305,7.792805,18.18705,1.5536035853442156,0.9751703815520743,2.52877396689629,0.001501647248750766,1684.0,2.561153149681047,-0.032379182784757266,-1.2642423507079068,31.397599999999997,1.6692504811424074,20.9849,-2.1754999999999995,-10.366978160486823,True
E23000030,Hampshire,E02004807,Rushmoor 006,2026-02,acquisitive_crime,wider_local_policing,5.9115,14.0857,33.6635,2.3649150000000003,5.86143,14.766490000000001,1.5757604080804788,0.7334833772358959,2.3092437853163745,0.0013712849081451155,1684.0,2.431664679945242,-0.1224208946288674,-5.03444803218609,27.752,1.9702251219321725,17.8273,-3.741600000000002,-20.988035204433658,True
E23000030,Hampshire,E02004830,Winchester 002,2026-02,disorder_damage,wider_local_policing,4.1944,12.304499999999999,25.9409,4.19428,11.99064,24.194979999999997,0.956891627249392,1.5004760139453721,2.457367641194764,0.0014592444425147054,1684.0,2.631599817931053,-0.1742321767362891,-6.620770207883253,21.746499999999997,1.7673615343979845,14.728399999999999,-2.4238999999999997,-16.457320550772657,True
E23000030,Hampshire,E02004834,Winchester 006,2026-02,acquisitive_crime,wider_local_policing,8.2774,13.6475,29.0982,3.31096,5.46446,12.762465,1.274263494254436,0.6838076332175702,1.9580711274720062,0.0011627500756959657,1684.0,2.003773410406249,-0.04570228293424261,-2.2808109288652973,20.8208,1.5256127495878364,15.6577,-2.0101999999999993,-12.83841177184388,True
E23000030,Hampshire,E02006975,Portsmouth 027,2026-02,local_reassurance,wider_local_policing,1.7061,7.5387,18.171,0.767745,3.392415,8.17695,1.2876806813558397,0.4245175684407579,1.7121982497965975,0.0010167448039172195,1684.0,1.8854799794403143,-0.1732817296437168,-9.190324561025237,16.4649,2.1840503004496794,11.4134,-3.874699999999999,-33.94869188848195,True
E23000030,Hampshire,E02006976,Portsmouth 028,2026-02,acquisitive_crime,wider_local_policing,8.0347,18.4107,31.2353,3.2292449999999997,7.966175,13.971015,0.8675627035843569,0.9968654309020429,1.8644281344864,0.0011071425976760096,1684.0,1.9167845483971955,-0.052356413910795485,-2.731470991592437,23.200599999999998,1.2601693580363593,21.046100000000003,-2.635400000000004,-12.522034961346776,True
E23000030,Hampshire,E02007074,Southampton 033,2026-02,acquisitive_crime,wider_local_policing,6.4932,16.4115,30.338,2.7830950000000003,7.34874,14.06391,1.5276718965121443,0.9196012975721823,2.4472731940843264,0.0014532501152519754,1684.0,2.5329570298888306,-0.08568383580450423,-3.38275915435742,23.8448,1.452932394966944,19.4121,-3.0005999999999986,-15.457369372710827,True
E23000030,Hampshire,E02007074,Southampton 033,2026-02,local_reassurance,wider_local_policing,1.4336,5.919700000000001,14.7708,0.64512,2.6638650000000004,6.64686,1.1457539223841082,0.33334880681002754,1.4791027291941359,0.0008783270363385605,1684.0,1.6089129839346883,-0.1298102547405524,-8.068196107355293,13.3372,2.253019578694866,8.8428,-2.9231,-33.056271769122894,True
E23000031,Surrey,E02006396,Runnymede 004,2026-02,disorder_damage,wider_local_policing,9.752899999999999,28.812000000000005,55.004900000000006,9.378319999999999,25.4567,47.34162,0.832160143731576,4.400138325540628,5.232298469272204,0.004760963120356874,1099.0,5.742477976151866,-0.5101795068796617,-8.884309334722811,45.25200000000001,1.5705955851728448,34.3719,-5.559899999999992,-16.17571330069037,True
E23000032,Kent,E02003337,Medway 024,2026-02,disorder_damage,wider_local_policing,6.2371,16.8105,31.8054,6.22912,15.616140000000001,28.864559999999997,0.7712618552463278,1.577735739454665,2.3489975947009927,0.0016935815390778607,1387.0,2.5210689551166747,-0.17207136041568205,-6.825333359742182,25.5683,1.5209720115404062,19.8517,-3.0412,-15.319594795407948,True
E23000032,Kent,E02005051,Dover 011,2026-01,local_reassurance,wider_local_policing,4.687200000000001,11.6658,21.8262,2.10924,5.2496100000000006,9.82179,1.4694260199153917,0.49473184218819677,1.9641578621035884,0.001416119583347937,1387.0,1.8713577360709654,0.092800126032623,4.958973062385322,17.139,1.4691662809237256,9.2524,2.413400000000001,26.084043059098192,True
E23000032,Kent,E02005123,Swale 009,2026-02,acquisitive_crime,wider_local_policing,10.0855,21.5505,41.6691,4.03483,9.132670000000001,18.57094,1.920001731674715,0.9226953559359377,2.8426970876106528,0.002049529262877183,1387.0,2.881398842804472,-0.03870175519381913,-1.343158559616503,31.5836,1.4655622839377278,24.268800000000002,-2.718300000000003,-11.200801028481024,True
E23000033,Sussex,E02003519,Brighton and Hove 029,2026-02,acquisitive_crime,wider_local_policing,10.026599999999998,19.7696,37.085,4.109795,8.565629999999999,16.912264999999998,1.5657784215553183,1.2763470030242647,2.8421254245795833,0.001702891207057869,1669.0,2.8974785860177863,-0.055353161438203013,-1.9103906998767108,27.058400000000002,1.3686872774360634,22.1707,-2.4010999999999996,-10.830059492934366,True
E23000033,Sussex,E02003519,Brighton and Hove 029,2026-02,local_reassurance,wider_local_policing,4.1362000000000005,10.3847,19.872,1.8612900000000001,4.673115,8.9424,1.1743338161664887,0.696331306049612,1.8706651222161006,0.0011208299114536253,1669.0,2.039042412165386,-0.16837728994928547,-8.257664918822123,15.7358,1.5152869124770094,13.7579,-3.373199999999999,-24.518276771891053,True
E23000033,Sussex,E02004378,Hastings 011,2026-02,local_reassurance,wider_local_policing,2.722,6.9959,14.969100000000001,1.2249,3.148155,6.736095,1.168763514678956,0.46910013616112944,1.6378636508400852,0.0009813443084721902,1669.0,1.760481660401168,-0.12261800956108271,-6.965026237941113,12.247100000000001,1.7506110721994315,9.4145,-2.4186000000000005,-25.690158797599455,True
E23000033,Sussex,E02006540,Adur 007,2026-02,disorder_damage,wider_local_policing,8.103,17.5442,33.4338,7.848379999999999,16.15184,29.517940000000003,0.8274040132634964,2.406752635512793,3.2341566487762896,0.0019377810957317493,1669.0,3.439122016352614,-0.20496536757632455,-5.9598166800055,25.330799999999996,1.4438275897447588,20.5478,-3.0035999999999987,-14.6176232978713,True
E23000033,Sussex,E02006558,Arun 017,2026-02,local_reassurance,wider_local_policing,4.8968,11.9595,22.1012,2.20356,5.381775,9.945540000000001,1.5613983554283695,0.8019272828969864,2.363325638325356,0.0014160129648444313,1669.0,2.523464368998429,-0.16013873067307305,-6.345987391002181,17.2044,1.438555123541954,15.3069,-3.3474000000000004,-21.868569076690907,True
E23000033,Sussex,E02006604,Mid Sussex 001,2026-01,local_reassurance,wider_local_policing,5.0264,12.4408,22.5725,2.26188,5.5983600000000004,10.157625,1.9366081504988346,0.7819265077594024,2.7185346582582373,0.0016288404183692254,1669.0,2.6003233639064645,0.1182112943517728,4.546022852103442,17.546100000000003,1.4103675004822844,10.2771,2.1636999999999986,21.05360461608818,True
E23000034,"London, City of",E02000001,City of London 001,2026-01,local_reassurance,wider_local_policing,6.5882000000000005,15.1189,26.845999999999997,2.96469,6.8035049999999995,12.0807,31.049999999999997,1.6375412566754204,32.687541256675416,0.15791082732693437,207.0,32.380308358891284,0.3072328977841323,0.9488263495791247,20.257799999999996,1.339899066731045,12.3167,2.802199999999999,22.751223947973067,True
E23000034,"London, City of",E02000001,City of London 001,2026-02,local_reassurance,wider_local_policing,4.9961,12.803299999999998,24.2266,2.2482450000000003,5.761485,10.90197,31.049999999999997,1.4825989999958977,32.5325989999959,0.157162314009642,207.0,32.687541256675416,-0.15494225667951866,-0.4740101296174319,19.2305,1.501995579264721,15.1189,-2.3156000000000017,-15.315929068913755,True
E23000035,Devon & Cornwall,E02003166,Torbay 013,2026-01,local_reassurance,wider_local_policing,5.3408999999999995,13.0403,23.9318,2.4034050000000002,5.8681350000000005,10.76931,1.7618385960829628,0.8908799185569362,2.652718514639899,0.0015789991158570826,1680.0,2.539716386256239,0.11300212838365997,4.449399507566073,18.590899999999998,1.425649716647623,10.977599999999999,2.0627000000000013,18.790081620755007,True
E23000035,Devon & Cornwall,E02003923,Cornwall 052,2026-01,local_reassurance,wider_local_policing,5.0336,10.1103,18.0825,2.26512,4.549635,8.137125,1.290632086640645,0.6907098180706112,1.9813419047112562,0.0011793701813757477,1680.0,1.8645309554838678,0.11681094922738833,6.2648972860348415,13.0489,1.290654085437623,8.099,2.0113000000000003,24.833930114828995,True
E23000035,Devon & Cornwall,E02004162,Exeter 014,2026-01,acquisitive_crime,wider_local_policing,12.9025,24.729599999999998,46.2038,5.1610000000000005,9.952075,19.99828,1.2660078328100897,1.5108895356825498,2.7768973684926395,0.0016529151002932377,1680.0,2.670263748804646,0.10663361968799334,3.993374052871305,33.3013,1.3466170095755694,22.1624,2.567199999999996,11.583583005450656,True
E23000035,Devon & Cornwall,E02004162,Exeter 014,2026-02,acquisitive_crime,wider_local_policing,10.4423,22.057399999999998,42.3651,4.17692,8.882425,18.413484999999998,1.2660078328100897,1.4300254318714993,2.696033264681589,0.0016047817051676125,1680.0,2.7768973684926395,-0.08086410381105047,-2.9120306975891324,31.9228,1.447260329866621,24.729599999999998,-2.6722,-10.805674171842652,True
E23000036,Avon and Somerset,E02003017,Bristol 006,2026-02,acquisitive_crime,wider_local_policing,10.4656,20.9178,37.6093,4.186275,8.49907,16.336795000000002,1.20462029945614,1.0487477354948889,2.2533680349510288,0.0013200750058295423,1707.0,2.313648966426334,-0.060280931475305444,-2.605448464743356,27.143699999999995,1.2976364627255255,23.6314,-2.7135999999999996,-11.483026820247636,True
E23000036,Avon and Somerset,E02003024,Bristol 013,2026-02,acquisitive_crime,wider_local_policing,7.3915,18.2077,37.8165,3.142415,8.149225000000001,17.65038,1.9545063624985275,1.0055784062007183,2.9600847686992457,0.0017340859804916495,1707.0,3.0435609100577343,-0.08347614135848858,-2.7427130202202883,30.424999999999997,1.6709963367146865,21.287,-3.0793,-14.465636303847418,True
E23000036,Avon and Somerset,E02003050,Bristol 039,2026-02,local_reassurance,wider_local_policing,4.4909,9.7959,18.4326,2.020905,4.408155000000001,8.294670000000002,1.447444600127392,0.5439468758299993,1.9913914759573914,0.0011666030907776165,1707.0,2.090848108450228,-0.09945663249283676,-4.7567602874106285,13.9417,1.4232178768668526,12.3443,-2.548400000000001,-20.64434597344524,True
E23000036,Avon and Somerset,E02003056,Bristol 045,2026-02,local_reassurance,wider_local_policing,1.3841,5.2246,12.3926,0.622845,2.35107,5.57667,1.0734942317002405,0.290111663804389,1.3636058955046295,0.0007988318075598298,1707.0,1.4510519979234335,-0.08744610241880402,-6.026393440341634,11.0085,2.107051257512537,7.243799999999999,-2.0191999999999997,-27.87487230459151,True
E23000036,Avon and Somerset,E02003059,Bristol 048,2026-02,acquisitive_crime,wider_local_policing,8.988,17.050299999999996,31.7783,3.5952,6.9540999999999995,13.95396,1.2670162653673822,0.8581052547402253,2.1251215201076077,0.001244945237321387,1707.0,2.2039159748005197,-0.07879445469291202,-3.5752023032567672,22.790300000000002,1.3366509680181584,19.9304,-2.8801000000000023,-14.450788744832026,True
E23000036,Avon and Somerset,E02003064,Bristol 053,2026-02,local_reassurance,wider_local_policing,5.8366,11.943,21.8586,2.6264700000000003,5.37435,9.83637,1.097885382010999,0.6631710754537797,1.761056457464779,0.0010316675204831746,1707.0,1.9060345469613331,-0.14497808949655422,-7.606267668531158,16.022,1.3415389768064974,15.5051,-3.562100000000001,-22.973731223919877,True
E23000036,Avon and Somerset,E02003090,South Gloucestershire 001,2026-02,disorder_damage,wider_local_policing,12.7407,23.5676,42.2344,12.61972,22.63906,38.91196000000001,1.3768237114369402,2.7935601081921813,4.170383819629121,0.0024431070999584776,1707.0,4.301625503608483,-0.1312416839793622,-3.0509788420509443,29.4937,1.2514511447920027,26.218199999999996,-2.650599999999997,-10.109771075054724,True
E23000036,Avon and Somerset,E02006057,Mendip 011,2026-02,local_reassurance,wider_local_policing,4.369,8.8789,15.8351,1.96605,3.9955050000000005,7.125795,1.1892671102682828,0.4930276866655418,1.6822947969338247,0.000985527121812434,1707.0,1.757110071130703,-0.07481527419687839,-4.257859278487581,11.4661,1.2913874466431654,10.8946,-2.0157000000000007,-18.501826592991026,True
E23000036,Avon and Somerset,E02006059,Mendip 013,2026-02,disorder_damage,wider_local_policing,5.6574,11.1418,23.2404,5.6571,11.02872,21.42968,1.0760184321393773,1.3608953833074904,2.436913815446868,0.0014276003605429807,1707.0,2.5919481150374875,-0.15503429959061954,-5.981381289662786,17.583000000000002,1.5781112567089701,13.4479,-2.3061000000000007,-17.14840235278371,True
E23000037,Gloucestershire,E02004654,Stroud 004,2026-01,local_reassurance,wider_local_policing,3.9646000000000003,8.826,16.4733,1.78407,3.9717000000000002,7.412985,1.5119722379351828,0.5224556082219,2.0344278461570826,0.0034717198739881955,586.0,1.9287470718084814,0.10568077434860124,5.479244836883154,12.508699999999997,1.417255835032857,6.8188,2.0072,29.43626444535695,True
E23000039,Dorset,E02003190,"Bournemouth, Christchurch and Poole 037",2026-02,acquisitive_crime,wider_local_policing,4.025600000000001,15.636999999999999,34.1586,1.6278450000000002,6.837305000000001,15.65221,1.6197874570047326,1.1049410778102207,2.724728534814953,0.0043318418677503225,629.0,2.8051081293587314,-0.08037959454377841,-2.8654722326926407,30.133,1.9270320393937457,18.0878,-2.4508000000000028,-13.549464279790813,True
E23000039,Dorset,E02004284,Dorset 044,2026-02,acquisitive_crime,wider_local_policing,6.1488,15.275699999999999,31.222199999999997,2.60666,6.776925,14.616845000000001,1.4874896979174566,1.0951833820107528,2.5826730799282096,0.004105998537246756,629.0,2.67236458685308,-0.08969150692487027,-3.356260121321586,25.0734,1.6413912292071722,17.8127,-2.537000000000001,-14.24264710010274,True
